{
    "dataset": "sushi.json",
    "nsamples": 100,
    "ntest": 10000,
    "results": [
        {
            "M": [
                [
                    4.2825927734375,
                    7.149799346923828
                ],
                [
                    4.737600326538086,
                    6.644100189208984
                ],
                [
                    4.858827114105225,
                    6.608780384063721
                ],
                [
                    3.3642148971557617,
                    1.3855568170547485
                ],
                [
                    4.929803371429443,
                    6.5182623863220215
                ],
                [
                    4.120392799377441,
                    7.277396202087402
                ],
                [
                    4.9251627922058105,
                    6.390312671661377
                ],
                [
                    4.464068412780762,
                    7.163877487182617
                ],
                [
                    5.773892402648926,
                    5.456233024597168
                ],
                [
                    4.72135066986084,
                    6.361245155334473
                ]
            ],
            "actual_freq": [
                [
                    0.4034,
                    0.5334,
                    0.0632
                ],
                [
                    0.4224,
                    0.47,
                    0.1076
                ],
                [
                    0.2028,
                    0.2468,
                    0.5504
                ],
                [
                    0.3702,
                    0.4964,
                    0.1334
                ],
                [
                    0.2168,
                    0.2232,
                    0.56
                ],
                [
                    0.4084,
                    0.3214,
                    0.2702
                ],
                [
                    0.1484,
                    0.7956,
                    0.056
                ],
                [
                    0.2252,
                    0.224,
                    0.5508
                ],
                [
                    0.3674,
                    0.399,
                    0.2336
                ],
                [
                    0.4964,
                    0.4376,
                    0.066
                ]
            ],
            "avg_t": 52.05499999999999,
            "b": 1.0,
            "freq": [
                [
                    0.3739,
                    0.6012,
                    0.0249
                ],
                [
                    0.4344,
                    0.5162,
                    0.0494
                ],
                [
                    0.2013,
                    0.1817,
                    0.617
                ],
                [
                    0.3954,
                    0.4403,
                    0.1643
                ],
                [
                    0.1063,
                    0.2228,
                    0.6709
                ],
                [
                    0.3651,
                    0.3294,
                    0.3055
                ],
                [
                    0.1684,
                    0.8166,
                    0.015
                ],
                [
                    0.1658,
                    0.2248,
                    0.6094
                ],
                [
                    0.3831,
                    0.4008,
                    0.2161
                ],
                [
                    0.5497,
                    0.4193,
                    0.031
                ]
            ],
            "iter": 90,
            "mse": 0.006814846000000003,
            "phi1": 0.06911373883485794,
            "phi2": 0.027244310826063156,
            "sig2": 0.830999356168132,
            "threshold": 10,
            "time": 243.0267689228058,
            "w": [
                [
                    0.5
                ],
                [
                    0.5
                ]
            ]
        }
    ]
}