{
    "dataset": "example.json",
    "nsamples": 100,
    "ntest": 10000,
    "results": [
        {
            "M": [
                [
                    0.32176312804222107,
                    5.943136215209961
                ],
                [
                    3.6736044883728027,
                    4.3177289962768555
                ],
                [
                    4.845186710357666,
                    5.76908540725708
                ],
                [
                    4.7299652099609375,
                    5.94155740737915
                ],
                [
                    4.953127861022949,
                    5.03684139251709
                ],
                [
                    5.216432094573975,
                    6.98148775100708
                ],
                [
                    4.881773471832275,
                    5.308982849121094
                ]
            ],
            "actual_freq": [
                [
                    0.8957,
                    0.0014,
                    0.1029
                ],
                [
                    0.9701,
                    0.0241,
                    0.0058
                ],
                [
                    0.9956,
                    0.0044,
                    0.0
                ],
                [
                    0.9013,
                    0.0987,
                    0.0
                ],
                [
                    0.4486,
                    0.0,
                    0.5514
                ],
                [
                    0.0,
                    1.0,
                    0.0
                ],
                [
                    0.0001,
                    0.001,
                    0.9989
                ],
                [
                    0.633,
                    0.367,
                    0.0
                ],
                [
                    0.9797,
                    0.0203,
                    0.0
                ],
                [
                    0.0,
                    0.4703,
                    0.5297
                ]
            ],
            "avg_t": 21.236,
            "b": 1.0,
            "freq": [
                [
                    0.8033,
                    0.0686,
                    0.1281
                ],
                [
                    0.9994,
                    0.0005,
                    0.0001
                ],
                [
                    0.9996,
                    0.0004,
                    0.0
                ],
                [
                    0.9294,
                    0.0706,
                    0.0
                ],
                [
                    0.4068,
                    0.0,
                    0.5932
                ],
                [
                    0.0006,
                    0.9994,
                    0.0
                ],
                [
                    0.0013,
                    0.0001,
                    0.9986
                ],
                [
                    0.63,
                    0.37,
                    0.0
                ],
                [
                    0.9425,
                    0.0575,
                    0.0
                ],
                [
                    0.0,
                    0.5442,
                    0.4558
                ]
            ],
            "iter": 59,
            "mse": 0.0033953440000000002,
            "phi1": 0.06911373883485794,
            "phi2": 0.027244310826063156,
            "sig2": 0.830999356168132,
            "threshold": 13,
            "time": 52.63897109031677,
            "w": [
                [
                    0.7
                ],
                [
                    0.30000000000000004
                ]
            ]
        },
        {
            "M": [
                [
                    4.24276876449585,
                    4.814852237701416
                ],
                [
                    4.740515232086182,
                    4.742412567138672
                ],
                [
                    4.429803371429443,
                    5.397042751312256
                ],
                [
                    4.521324634552002,
                    4.937030792236328
                ],
                [
                    2.46720290184021,
                    5.265043258666992
                ],
                [
                    3.506258487701416,
                    4.919410705566406
                ],
                [
                    4.999517917633057,
                    5.148773670196533
                ]
            ],
            "actual_freq": [
                [
                    0.6056,
                    0.393,
                    0.0014
                ],
                [
                    0.001,
                    0.0,
                    0.999
                ],
                [
                    0.7789,
                    0.004,
                    0.2171
                ],
                [
                    0.026,
                    0.9696,
                    0.0044
                ],
                [
                    0.0,
                    0.9847,
                    0.0153
                ],
                [
                    0.0,
                    1.0,
                    0.0
                ],
                [
                    0.0,
                    0.9981,
                    0.0019
                ],
                [
                    0.0,
                    0.971,
                    0.029
                ],
                [
                    0.9226,
                    0.0016,
                    0.0758
                ],
                [
                    0.6029,
                    0.0019,
                    0.3952
                ]
            ],
            "avg_t": 59.513,
            "b": 14.0,
            "freq": [
                [
                    0.558,
                    0.442,
                    0.0
                ],
                [
                    0.0,
                    0.0,
                    1.0
                ],
                [
                    0.8835,
                    0.0,
                    0.1165
                ],
                [
                    0.0362,
                    0.9638,
                    0.0
                ],
                [
                    0.0,
                    0.9937,
                    0.0063
                ],
                [
                    0.0013,
                    0.9987,
                    0.0
                ],
                [
                    0.0,
                    1.0,
                    0.0
                ],
                [
                    0.0,
                    0.9962,
                    0.0038
                ],
                [
                    0.9784,
                    0.0216,
                    0.0
                ],
                [
                    0.547,
                    0.0,
                    0.453
                ]
            ],
            "iter": 114,
            "mse": 0.004307649999999998,
            "phi1": 0.08711068332195282,
            "phi2": 0.0545552633702755,
            "sig2": 0.3142795869870102,
            "threshold": 7,
            "time": 138.42828702926636,
            "w": [
                [
                    0.3
                ],
                [
                    0.7
                ]
            ]
        }
    ]
}