{
    "dataset": "example.json",
    "nsamples": 100,
    "ntest": 10000,
    "results": [
        {
            "M": [
                [
                    0.49500036239624023,
                    6.167579650878906
                ],
                [
                    3.367760181427002,
                    4.983902931213379
                ],
                [
                    4.549635410308838,
                    5.420365810394287
                ],
                [
                    4.554730415344238,
                    5.443580627441406
                ],
                [
                    4.708736419677734,
                    4.776785373687744
                ],
                [
                    4.951119422912598,
                    6.408030033111572
                ],
                [
                    4.540946960449219,
                    5.411327838897705
                ]
            ],
            "actual_freq": [
                [
                    0.9,
                    0.1
                ],
                [
                    0.9701,
                    0.0241,
                    0.0058
                ],
                [
                    0.9956,
                    0.0044,
                    0.0
                ],
                [
                    0.9013,
                    0.0987,
                    0.0
                ],
                [
                    0.4486,
                    0.0,
                    0.5514
                ],
                [
                    0.0,
                    1.0,
                    0.0
                ],
                [
                    0.0001,
                    0.001,
                    0.9989
                ],
                [
                    0.633,
                    0.367,
                    0.0
                ],
                [
                    0.9797,
                    0.0203,
                    0.0
                ],
                [
                    0.0,
                    0.4703,
                    0.5297
                ]
            ],
            "avg_t": 21.034000000000002,
            "b": 1.0,
            "freq": [
                [
                    0.8143,
                    0.1857
                ],
                [
                    0.9984,
                    0.0012,
                    0.0004
                ],
                [
                    0.9985,
                    0.0014,
                    0.0001
                ],
                [
                    0.9147,
                    0.0853,
                    0.0
                ],
                [
                    0.4792,
                    0.0,
                    0.5208
                ],
                [
                    0.0006,
                    0.9994,
                    0.0
                ],
                [
                    0.0007,
                    0.0006,
                    0.9987
                ],
                [
                    0.6381,
                    0.3619,
                    0.0
                ],
                [
                    0.9284,
                    0.0716,
                    0.0
                ],
                [
                    0.0,
                    0.4869,
                    0.5131
                ]
            ],
            "iter": 47,
            "mse": 0.00241605,
            "phi1": 0.06911373883485794,
            "phi2": 0.027244310826063156,
            "sig2": 0.830999356168132,
            "threshold": 13,
            "time": 75.39071202278137,
            "w": [
                [
                    0.7
                ],
                [
                    0.30000000000000004
                ]
            ]
        },
        {
            "M": [
                [
                    8.170321464538574,
                    4.474856853485107
                ],
                [
                    8.000123023986816,
                    4.650966644287109
                ],
                [
                    6.478159427642822,
                    5.972718715667725
                ],
                [
                    7.9980363845825195,
                    5.232349395751953
                ],
                [
                    4.265970706939697,
                    5.267063617706299
                ],
                [
                    7.336720943450928,
                    4.71213960647583
                ],
                [
                    6.571861267089844,
                    6.014537811279297
                ]
            ],
            "actual_freq": [
                [
                    0.6056,
                    0.393,
                    0.0014
                ],
                [
                    0.001,
                    0.0,
                    0.999
                ],
                [
                    0.7789,
                    0.004,
                    0.2171
                ],
                [
                    0.026,
                    0.9696,
                    0.0044
                ],
                [
                    0.0,
                    0.9847,
                    0.0153
                ],
                [
                    0.0,
                    1.0,
                    0.0
                ],
                [
                    0.0,
                    0.9981,
                    0.0019
                ],
                [
                    0.0,
                    0.971,
                    0.029
                ],
                [
                    0.9226,
                    0.0016,
                    0.0758
                ],
                [
                    0.6029,
                    0.0019,
                    0.3952
                ]
            ],
            "avg_t": 34.239999999999995,
            "b": 14.0,
            "freq": [
                [
                    0.5662,
                    0.4338,
                    0.0
                ],
                [
                    0.0,
                    0.0166,
                    0.9834
                ],
                [
                    0.8283,
                    0.0001,
                    0.1716
                ],
                [
                    0.0116,
                    0.9884,
                    0.0
                ],
                [
                    0.0221,
                    0.9607,
                    0.0172
                ],
                [
                    0.0003,
                    0.9993,
                    0.0004
                ],
                [
                    0.022,
                    0.978,
                    0.0
                ],
                [
                    0.0045,
                    0.9877,
                    0.0078
                ],
                [
                    1.0,
                    0.0,
                    0.0
                ],
                [
                    0.5706,
                    0.0,
                    0.4294
                ]
            ],
            "iter": 39,
            "mse": 0.002550932,
            "phi1": 0.08711068332195282,
            "phi2": 0.0545552633702755,
            "sig2": 0.3142795869870102,
            "threshold": 7,
            "time": 163.7460310459137,
            "w": [
                [
                    0.3
                ],
                [
                    0.7
                ]
            ]
        }
    ]
}